<?xml version="1.0" encoding="UTF-8"?>
<hello xmlns="urn:ietf:params:xml:ns:netconf:base:1.0">
<capabilities>
<capability>urn:ietf:params:netconf:base:1.0</capability>
</capabilities>
</hello>
]]>]]>
<?xml version="1.0" encoding="UTF-8"?>
<rpc message-id="1" xmlns="urn:ietf:params:xml:ns:netconf:base:1.0">
<edit-config>
 <target>
<running />
</target>
<config>
<i2nsf-security-policy xmlns="urn:ietf:params:xml:ns:yang:ietf-i2nsf-policy-rule-for-nsf" xmlns:nc="urn:ietf:params:xml:ns:netconf:base:1.0"><system-policy>
  <system-policy-name>security_policy_for_blocking_sns</system-policy-name>
  <rules>
    <rule-name>block_access_to_sns_during_office_hour</rule-name>
    <time-zone>
      <absolute-time-zone>
        <start-time>09:00:00Z</start-time>
        <end-time>18:00:00Z</end-time>
      </absolute-time-zone>
    </time-zone>
    <condition-clause-container>
      <packet-security-ipv4-condition>
        <pkt-sec-ipv4-src>
          <range-ipv4-address>
            <start-ipv4-address>10.0.0.2</start-ipv4-address>
            <end-ipv4-address>10.0.0.10</end-ipv4-address>
          </range-ipv4-address>
        </pkt-sec-ipv4-src>
      </packet-security-ipv4-condition>
    </condition-clause-container>
    <action-clause-container>
      <packet-action>
        <ingress-action>pass</ingress-action>
        <egress-action>pass</egress-action>
      </packet-action>
      <advanced-action>
        <content-security-control>url-filtering</content-security-control>
      </advanced-action>
    </action-clause-container>
  </rules>
</system-policy></i2nsf-security-policy>
</config>
</edit-config>
</rpc>
]]>]]>
<?xml version="1.0" encoding="UTF-8"?>
<rpc message-id="2" xmlns="urn:ietf:params:xml:ns:netconf:base:1.0">
<close-session />
</rpc>
]]>]]>