<?xml version="1.0" encoding="UTF-8"?>
<hello xmlns="urn:ietf:params:xml:ns:netconf:base:1.0">
    <capabilities>
        <capability>urn:ietf:params:netconf:base:1.0</capability>
    </capabilities>
</hello>
]]>]]>
<?xml version="1.0" encoding="UTF-8"?>
<rpc xmlns="urn:ietf:params:xml:ns:netconf:base:1.0" message-id="1">
<edit-config>
<target>
    <candidate/>
</target>
<config>
    <hosts xmlns="http://tail-f.com/ns/example/host"
           xmlns:nc="urn:ietf:params:xml:ns:netconf:base:1.0">
        <host nc:operation="merge">
            <name>thost</name>
            <ip>192.168.1.33</ip>
        </host>
    </hosts>
</config>
</edit-config>
</rpc>
]]>]]>
<?xml version="1.0" encoding="UTF-8"?>
<rpc xmlns="urn:ietf:params:xml:ns:netconf:base:1.0" message-id="2">
<commit>
    <confirmed/>
    <persist>test_commit</persist>
</commit>
</rpc>
]]>]]>
<?xml version="1.0" encoding="UTF-8"?>
<rpc xmlns="urn:ietf:params:xml:ns:netconf:base:1.0" message-id="3">
    <close-session/>
</rpc>
]]>]]>