<?xml version="1.0" encoding="UTF-8"?>
<hello xmlns="urn:ietf:params:xml:ns:netconf:base:1.0">
  <capabilities>
    <capability>urn:ietf:params:netconf:base:1.0</capability>
  </capabilities>
</hello>
]]>]]>
<?xml version="1.0" encoding="UTF-8"?>
<rpc xmlns="urn:ietf:params:xml:ns:netconf:base:1.0"  message-id="1">
  <edit-config>
    <target>
      <running/>
    </target>
    <config>
      <strs xmlns="http://tail-f.com/ns/example/smp"
            xmlns:nc="urn:ietf:params:xml:ns:netconf:base:1.0">
        <str nc:operation="merge">
          <nr>15</nr>
          <secret>I like Abba, Depeche Mode and Daft Punk</secret>
        </str>
        <str nc:operation="merge">
          <nr>17</nr>
          <secret>My password is "Gizmo"</secret>
        </str>
      </strs>
    </config>
  </edit-config>
</rpc>
]]>]]>
<?xml version="1.0" encoding="UTF-8"?>
<rpc xmlns="urn:ietf:params:xml:ns:netconf:base:1.0" message-id="2">
  <close-session/>
</rpc>
