<?xml version="1.0" encoding="UTF-8"?>
<hello xmlns="urn:ietf:params:xml:ns:netconf:base:1.0">
  <capabilities>
    <capability>urn:ietf:params:netconf:base:1.0</capability>
  </capabilities>
</hello>
]]>]]>
<?xml version="1.0" encoding="UTF-8"?>
<rpc xmlns="urn:ietf:params:xml:ns:netconf:base:1.0" message-id="1">
  <edit-config>
    <target>
      <running/>
    </target>
    <config>
      <dhcp xmlns="http://tail-f.com/ns/example/dhcpd"
            xmlns:nc="urn:ietf:params:xml:ns:netconf:base:1.0">
        <defaultLeaseTime nc:operation="merge">
          PT30M
        </defaultLeaseTime>
      </dhcp>
    </config>
  </edit-config>
</rpc>
]]>]]>
<?xml version="1.0" encoding="UTF-8"?>
<rpc xmlns="urn:ietf:params:xml:ns:netconf:base:1.0" message-id="2">
  <close-session/>
</rpc>
