<servers:servers xmlns:servers="http://tail-f.com/ns/example/servers">
  <servers:server>
    <servers:name>www</servers:name>
    <servers:desc>Web Server</servers:desc>
    <servers:ip>192.168.3.14</servers:ip>
    <servers:port>88</servers:port>
  </servers:server>
  <servers:server>
    <servers:name>www2</servers:name>
    <servers:desc>Web Server 2</servers:desc>
    <servers:ip>192.168.3.15</servers:ip>
    <servers:port>80</servers:port>
  </servers:server>
  <servers:server>
    <servers:name>smtp</servers:name>
    <servers:desc>Outgoing Mail Server</servers:desc>
    <servers:ip>192.168.3.14</servers:ip>
    <servers:port>25</servers:port>
  </servers:server>
  <servers:server>
    <servers:name>dns</servers:name>
    <servers:desc>Name Server</servers:desc>
    <servers:ip>192.168.3.15</servers:ip>
    <servers:port>53</servers:port>
  </servers:server>
  <servers:server>
    <servers:name>pop3</servers:name>
    <servers:desc>Mailbox Server (pop3)</servers:desc>
    <servers:ip>192.168.3.14</servers:ip>
    <servers:port>110</servers:port>
  </servers:server>
  <servers:server>
    <servers:name>imap</servers:name>
    <servers:desc>Mailbox Server (imap)</servers:desc>
    <servers:ip>192.168.3.15</servers:ip>
    <servers:port>143</servers:port>
  </servers:server>
  <servers:interface>
    <servers:name>eth0</servers:name>
    <servers:enabled>true</servers:enabled>
    <servers:ip>192.168.3.1</servers:ip>
  </servers:interface>
  <servers:interface>
    <servers:name>eth1</servers:name>
    <servers:enabled>false</servers:enabled>
    <servers:ip>0.0.0.0</servers:ip>
  </servers:interface>
</servers:servers>
