<?xml version="1.0" encoding="UTF-8"?>
<notification xmlns="urn:ietf:params:xml:ns:netconf:notification:1.0"><eventTime>2021-03-05T05:06:52.6124+00:00</eventTime>
<i2nsf-nsf-detection-ddos xmlns='urn:ietf:params:xml:ns:yang:ietf-i2nsf-nsf-monitoring'>
  <attack-type xmlns:nsfmi="urn:ietf:params:xml:ns:yang:ietf-i2nsf-nsf-monitoring">nsfmi:tcp-con-flood</attack-type>
  <start-time>2021-03-05T05:06:52.612248+00:00</start-time>
  <attack-src-ip>10.0.0.37</attack-src-ip>
  <attack-rate>1000</attack-rate>
  <acquisition-method xmlns:nsfmi="urn:ietf:params:xml:ns:yang:ietf-i2nsf-nsf-monitoring">nsfmi:subscription</acquisition-method>
  <emission-type xmlns:nsfmi="urn:ietf:params:xml:ns:yang:ietf-i2nsf-nsf-monitoring">nsfmi:on-change</emission-type>
</i2nsf-nsf-detection-ddos>
</notification>