<?xml version="1.0" encoding="utf-8"?>
<config xmlns="http://tail-f.com/ns/config/1.0">
  <simpleObjects xmlns="http://tail-f.com/ns/simple">
    <numberOfServers>2</numberOfServers>
    <numberOfHosts>2</numberOfHosts>
    <maxNumberOfServers>10</maxNumberOfServers>
    <maxNumberOfHosts>10</maxNumberOfHosts>
    <hosts>
      <host>
        <name>saturn@tail-f.com</name>
        <enabled>true</enabled>
        <numberOfServers>2</numberOfServers>
        <servers>
          <server>
            <name>ftp</name>
            <ip>192.168.0.1</ip>
            <port>5001</port>
          </server>
          <server>
            <name>www</name>
            <ip>192.168.0.1</ip>
            <port>5000</port>
          </server>
        </servers>
      </host>
      <host>
        <name>vega@tail-f.com</name>
        <enabled>false</enabled>
        <numberOfServers>0</numberOfServers>
        <servers/>
      </host>
    </hosts>
    <services>
      <service>
        <address>192.168.0.1</address>
        <portNumber>5000</portNumber>
        <hostName>saturn@tail-f.com</hostName>
        <serverName>www</serverName>
      </service>
      <service>
        <address>192.168.0.1</address>
        <portNumber>5001</portNumber>
        <hostName>saturn@tail-f.com</hostName>
        <serverName>ftp</serverName>
      </service>
    </services>
  </simpleObjects>
</config>
