<SNMP-VIEW-BASED-ACM-MIB xmlns="http://tail-f.com/ns/mibs/SNMP-VIEW-BASED-ACM-MIB/200210160000Z">

  <vacmSecurityToGroupTable>

    <vacmSecurityToGroupEntry>
      <vacmSecurityModel>3</vacmSecurityModel>
      <vacmSecurityName>initial</vacmSecurityName>
      <vacmGroupName>initial</vacmGroupName>
    </vacmSecurityToGroupEntry>

    <vacmSecurityToGroupEntry>
      <vacmSecurityModel>3</vacmSecurityModel>
      <vacmSecurityName>all-rights</vacmSecurityName>
      <vacmGroupName>all-rights</vacmGroupName>
    </vacmSecurityToGroupEntry>

    <vacmSecurityToGroupEntry>
      <vacmSecurityModel>2</vacmSecurityModel>
      <vacmSecurityName>initial</vacmSecurityName>
      <vacmGroupName>initial</vacmGroupName>
    </vacmSecurityToGroupEntry>

    <vacmSecurityToGroupEntry>
      <vacmSecurityModel>2</vacmSecurityModel>
      <vacmSecurityName>all-rights</vacmSecurityName>
      <vacmGroupName>all-rights</vacmGroupName>
    </vacmSecurityToGroupEntry>

    <vacmSecurityToGroupEntry>
      <vacmSecurityModel>1</vacmSecurityModel>
      <vacmSecurityName>initial</vacmSecurityName>
      <vacmGroupName>initial</vacmGroupName>
    </vacmSecurityToGroupEntry>

    <vacmSecurityToGroupEntry>
      <vacmSecurityModel>1</vacmSecurityModel>
      <vacmSecurityName>all-rights</vacmSecurityName>
      <vacmGroupName>all-rights</vacmGroupName>
    </vacmSecurityToGroupEntry>

  </vacmSecurityToGroupTable>
  <vacmAccessTable>

    <vacmAccessEntry>
      <vacmGroupName>initial</vacmGroupName>
      <vacmAccessContextPrefix></vacmAccessContextPrefix>
      <vacmAccessSecurityModel>0</vacmAccessSecurityModel>
      <vacmAccessSecurityLevel>noAuthNoPriv</vacmAccessSecurityLevel>
      <vacmAccessContextMatch>exact</vacmAccessContextMatch>
      <vacmAccessReadViewName>restricted</vacmAccessReadViewName>
      <vacmAccessWriteViewName></vacmAccessWriteViewName>
      <vacmAccessNotifyViewName>restricted</vacmAccessNotifyViewName>
    </vacmAccessEntry>

    <vacmAccessEntry>
      <vacmGroupName>initial</vacmGroupName>
      <vacmAccessContextPrefix></vacmAccessContextPrefix>
      <vacmAccessSecurityModel>3</vacmAccessSecurityModel>
      <vacmAccessSecurityLevel>authNoPriv</vacmAccessSecurityLevel>
      <vacmAccessContextMatch>exact</vacmAccessContextMatch>
      <vacmAccessReadViewName>internet</vacmAccessReadViewName>
      <vacmAccessWriteViewName>internet</vacmAccessWriteViewName>
      <vacmAccessNotifyViewName>internet</vacmAccessNotifyViewName>
    </vacmAccessEntry>

    <vacmAccessEntry>
      <vacmGroupName>initial</vacmGroupName>
      <vacmAccessContextPrefix></vacmAccessContextPrefix>
      <vacmAccessSecurityModel>3</vacmAccessSecurityModel>
      <vacmAccessSecurityLevel>authPriv</vacmAccessSecurityLevel>
      <vacmAccessContextMatch>exact</vacmAccessContextMatch>
      <vacmAccessReadViewName>internet</vacmAccessReadViewName>
      <vacmAccessWriteViewName>internet</vacmAccessWriteViewName>
      <vacmAccessNotifyViewName>internet</vacmAccessNotifyViewName>
    </vacmAccessEntry>

    <vacmAccessEntry>
      <vacmGroupName>all-rights</vacmGroupName>
      <vacmAccessContextPrefix></vacmAccessContextPrefix>
      <vacmAccessSecurityModel>0</vacmAccessSecurityModel>
      <vacmAccessSecurityLevel>noAuthNoPriv</vacmAccessSecurityLevel>
      <vacmAccessContextMatch>exact</vacmAccessContextMatch>
      <vacmAccessReadViewName>internet</vacmAccessReadViewName>
      <vacmAccessWriteViewName>internet</vacmAccessWriteViewName>
      <vacmAccessNotifyViewName>internet</vacmAccessNotifyViewName>
    </vacmAccessEntry>

  </vacmAccessTable>
  <vacmViewTreeFamilyTable>

    <vacmViewTreeFamilyEntry>
      <vacmViewTreeFamilyViewName>internet</vacmViewTreeFamilyViewName>
      <vacmViewTreeFamilySubtree>1.3.6.1</vacmViewTreeFamilySubtree>
      <vacmViewTreeFamilyMask></vacmViewTreeFamilyMask>
      <vacmViewTreeFamilyType>included</vacmViewTreeFamilyType>
    </vacmViewTreeFamilyEntry>

    <vacmViewTreeFamilyEntry>
      <vacmViewTreeFamilyViewName>restricted</vacmViewTreeFamilyViewName>
      <vacmViewTreeFamilySubtree>1.3.6.1</vacmViewTreeFamilySubtree>
      <vacmViewTreeFamilyMask></vacmViewTreeFamilyMask>
      <vacmViewTreeFamilyType>included</vacmViewTreeFamilyType>
    </vacmViewTreeFamilyEntry>

  </vacmViewTreeFamilyTable>
</SNMP-VIEW-BASED-ACM-MIB>
