<?xml version="1.0" encoding="UTF-8"?>
<hello xmlns="urn:ietf:params:xml:ns:netconf:base:1.0">
  <capabilities>
    <capability>urn:ietf:params:netconf:base:1.0</capability>
  </capabilities>
</hello>
]]>]]>
<?xml version="1.0" encoding="UTF-8"?>
<rpc xmlns="urn:ietf:params:xml:ns:netconf:base:1.0" message-id="1">
  <edit-config>
    <target>
      <running/>
    </target>
    <config>
      <servers xmlns="http://tail-f.com/ns/example/smp"
             xmlns:nc="urn:ietf:params:xml:ns:netconf:base:1.0">
        <server>
          <name>www-super</name>
          <ip>10.1.1.99</ip>
          <port>80</port>
        </server>
      </servers>
    </config>
  </edit-config>
</rpc>
]]>]]>
<?xml version="1.0" encoding="UTF-8"?>
<rpc xmlns="urn:ietf:params:xml:ns:netconf:base:1.0" message-id="2">
  <close-session/>
</rpc>
]]>]]>
