<?xml version="1.0" encoding="UTF-8"?>
<hello xmlns="urn:ietf:params:xml:ns:netconf:base:1.0">
  <capabilities>
    <capability>urn:ietf:params:netconf:base:1.0</capability>
  </capabilities>
</hello>
]]>]]>
<?xml version="1.0" encoding="UTF-8"?>
<rpc xmlns="urn:ietf:params:xml:ns:netconf:base:1.0" message-id="1">
  <create-subscription xmlns="urn:ietf:params:xml:ns:netconf:notification:1.0">
    <stream>linkUp</stream>
    <startTime>2007-07-28T15:23:36Z</startTime>
  </create-subscription>
</rpc>
]]>]]>
